Movie Name,Rating Image Link
The Tortoise and the Hare,"TV-G
"
Lonesome Ghosts,"TV-Y7
"
Treasure Island,PG
Early to Bed,"TV-G
"
Saludos Amigos,"TV-PG
"
Melody Time,"TV-PG
"
Three Little Pigs,"TV-Y7
"
The Big Bad Wolf,"TV-Y7
"
Mickey's Trailer,"TV-PG
"
Santa's Workshop,"TV-G
"
Flowers and Trees,"TV-Y7
"
The Ugly Duckling,"TV-Y7
"
The Grasshopper and the Ants,"TV-G
"
The Old Mill,"TV-Y7
"
The Band Concert,"TV-Y7
"
Beach Picnic,"TV-G
"
Brave Little Tailor,"TV-PG
"
Mr. Mouse Takes a Trip,"TV-G
"
Mickey's Birthday Party,"TV-G
"
How to Fish,"TV-G
"
Chef Donald,"TV-G
"
The Wise Little Hen,"TV-G
"
Clock Cleaners,"TV-G
"
Three Blind Mouseketeers,"TV-Y7
"
On Ice,"TV-G
"
Chip an' Dale,"TV-G
"
The Little Whirlwind,"TV-Y7
"
Thru The Mirror,"TV-G
"
Ye Olden Days,"TV-Y7
"
The Golden Touch,"TV-Y7
"
Mickey's Rival,"TV-G
"
Three Little Wolves,"TV-Y7
"
How to Swim,"TV-G
"
Donald's Golf Game,"TV-G
"
Pluto's Sweater,"TV-G
"
Mr. Duck Steps Out,"TV-G
"
Donald's Tire Trouble,"TV-G
"
All in a Nutshell,"TV-G
"
Toby Tortoise Returns,"TV-Y7
"
Society Dog Show,"TV-G
"
Mickey and the Seal,"TV-G
"
Food for Feudin',"TV-G
"
The Olympic Champ,"TV-G
"
Boat Builders,"TV-G
"
Tugboat Mickey,"TV-G
"
Donald's Dog Laundry,"TV-G
"
A Knight for a Day,"TV-G
"
The Art of Skiing,"TV-G
"
Winter Storage,"TV-G
"
The Pied Piper,"TV-G
"
Swiss Family Robinson,G
The Goddess of Spring,"TV-Y7
"
Canine Caddy,"TV-G
"
Mickey's Delayed Date,"TV-G
"
Bone Bandit,"TV-G
"
Babes in the Woods,"TV-Y7
"
Mickey Down Under,"TV-G
"
Rescue Dog,"TV-G
"
How to Play Football,"TV-G
"
Pluto and the Gopher,"TV-PG
"
Mail Dog,"TV-G
"
The Hockey Champ,"TV-G
"
Double Dribble,"TV-G
"
Pluto's Surprise Package,"TV-G
"
How to Play Baseball,"TV-G
"
Sea Scouts,"TV-PG
"
Pluto's Purchase,"TV-G
"
Beaver Valley,"TV-PG
"
Schoolhouse Rock!,"TV-G
"
Emil and the Detectives,"TV-PG
"
The Prince and the Pauper,G
Man in Space,"TV-PG
"
The Story of the Faithful Wookiee,"TV-Y7-FV
"
Mars and Beyond,"TV-G
"
Old Yeller,G
Lambert the Sheepish Lion,"TV-G
"
Pollyanna,G
The Story of Robin Hood and His Merrie Men,PG
The Sign of Zorro,G
Let's Stick Together,"TV-G
"
Beezy Bear,"TV-G
"
Third Man on the Mountain,G
Dragon Around,"TV-G
"
Pluto's Party,"TV-G
"
Don's Fountain of Youth,"TV-G
"
Grand Canyonscope,"TV-G
"
Almost Angels,"TV-PG
"
Bearly Asleep,"TV-PG
"
Corn Chips,"TV-G
"
Spin and Marty,"TV-G
"
The Simple Things,"TV-G
"
Out of Scale,"TV-G
"
The Boy Who Talked to Badgers,"TV-PG
"
My Dog the Thief,"TV-PG
"
Water Birds,"TV-G
"
Nature's Half Acre,"TV-PG
"
The Ghosts of Buxley Hall,"TV-PG
"
The Olympic Elk,"TV-G
"
Prowlers of the Everglades,"TV-Y7
"
The Mouseketeers at Walt Disney World,"TV-PG
"
Sultan and the Rock Star,"TV-PG
"
The Pre-Opening Report from Disneyland,"TV-PG
"
The Plausible Impossible,"TV-PG
"
Mr. Boogedy,"TV-PG
"
The Christmas Star,"TV-G
"
Ready to Run,"TV-G
"
Quack Pack,"TV-Y
"
Mom's Got a Date with a Vampire,"TV-PG
"
Miracle at Midnight,"TV-14
"
Mark Twain and Me,"TV-PG
"
Ancient X-Files,"TV-14
"
Riding Britain's Railways,"TV-PG
"
Spider-Man: The New Animated Series,"TV-PG
"
Empire of Dreams: The Story of the Star Wars Trilogy,"TV-14
"
George of the Jungle 2,PG
Jump In!,"TV-G
"
Jack-Jack Attack,G
Monster Truck Mater,"TV-Y7
"
Tokyo Mater,G
Den Brother,"TV-G
"
Unidentified Flying Mater,"TV-Y7
"
Johnny Kapahala: Back on Board,"TV-G
"
Rescue Squad Mater,"TV-Y7
"
Heavy Metal Mater,"TV-G
"
Full-Court Miracle,"TV-G
"
Pixel Perfect,"TV-G
"
Buffalo Dreams,"TV-G
"
Zenon: Z3,"TV-G
"
The Scream Team,"TV-PG
"
A Ring of Endless Light,"TV-G
"
You Wish!,"TV-G
"
Going to the Mat,"TV-G
"
Journey to Shark Eden,"TV-G
"
The Lion Ranger,G
The Little Mermaid Sing-Along,PG
Paperman,G
"Good Luck Charlie, It's Christmas!","TV-G
"
Celebrity House Hunting,"TV-PG
"
Partysaurus Rex,G
The Christmas Consultant,"TV-PG
"
Winged Seduction: Birds of Paradise,"TV-PG
"
Cesar Millan: The Real Story,"TV-PG
"
America's Greatest Animals,"TV-PG
"
Mickey's Mousekersize,"TV-Y
"
Special Agent Oso: Three Healthy Steps,"TV-Y
"
Ultimate Airport Dubai,"TV-PG
"
Science of Stupid,"TV-14
"
American Blackout,"TV-14
"
Area 51: The CIA's Secret,"TV-14
"
Car S.O.S.,"TV-14
"
Wild Hawaii,"TV-PG
"
The Santa Con,"TV-PG
"
The Radiator Springs 500¬Ω,"TV-Y7
"
Hiccups,"TV-G
"
Miracle Landing on the Hudson,"TV-G
"
Spinning,"TV-G
"
LEGO Star Wars: The New Yoda Chronicles - Clash of the Skywalkers,"TV-Y7
"
Bugged,"TV-G
"
LEGO Star Wars: The New Yoda Chronicles - Raid on Coruscant,"TV-Y7
"
Drain the Bermuda Triangle,"TV-PG
"
LEGO Star Wars: The New Yoda Chronicles - Race For The Holocrons,"TV-Y7
"
Wild Congo,"TV-PG
"
Beyond Magic with DMC,"TV-PG
"
LEGO Start Wars: The New Yoda Chronicles: Duel of the Skywalkers,"TV-Y7
"
Jim Henson's Turkey Hollow,"TV-PG
"
The Challenger Disaster: Lost Tapes,"TV-14
"
Supercar Megabuild,"TV-PG
"
The Greeks,"TV-PG
"
Disney's Broadway Hits at London's Royal Albert Hall,"TV-G
"
Alvin and the Chipmunks: The Road Chip,PG
Soy Luna,"TV-G
"
Bad Hair Day,"TV-G
"
Expedition Mars,"TV-PG
"
Mission Pluto,"TV-PG
"
Drain the Titanic,"TV-PG
"
Mega Hammerhead,"TV-PG
"
How Dogs Got Their Shapes,"TV-PG
"
Hubble's Cosmic Journey,"TV-PG
"
First Class Chefs,"TV-Y7
"
United Sharks of America,"TV-14
"
The Kangaroo King,"TV-PG
"
World's Greatest Dogs,"TV-PG
"
Nature Boom Time,"TV-G
"
Big Cat Games,"TV-PG
"
Generation YouTube,"TV-14
"
Egypt's Treasure Guardians,PG-13
Avengers: Secret Wars (Shorts),"TV-Y7
"
Marvel's Ant-Man,PG-13
Team Darryl,"TV-PG
"
Star Wars Blips,"TV-Y7-FV
"
Under the Sea: A Descendants Story,"TV-G
"
Marvel Rising: Secret Warriors,"TV-Y7-FV
"
Auntie Edna,"TV-G
"
Marvel Rising: Initiation,"TV-Y7
"
Atlantis Rising,"TV-PG
"
Marvel's Rocket & Groot,"TV-Y7
"
Paris to Pittsburgh,"TV-PG
"
Sea of Hope: America's Underwater Treasures,"TV-PG
"
MARS: Inside SpaceX,"TV-PG
"
Planet of the Birds,"TV-PG
"
Drain The Sunken Pirate City,"TV-14
"
Fearless Adventures with Jack Randall,"TV-PG
"
Disney Illuminations Firework Show Disneyland Paris,"TV-G
"
Rocky Mountain Animal Rescue,"TV-PG
"
Riina: le verit√† nascoste,"TV-14
"
Secrets Of Christ's Tomb,"TV-PG
"
Tangled: Short Cuts,"TV-Y7-FV
"
Mexico Untamed,"TV-PG
"
Awesome Animals,"TV-PG
"
Sam's Zookeeper Challenge,"TV-G
"
Scuba Sam's World,"TV-G
"
Destination World,"TV-G
"
Positive Energy,"TV-PG
"
Jaguar Beach Battle,"TV-14
"
Born in Africa,"TV-PG
"
Heroes of the Long Road Home with Martha Raddatz,"TV-14
"
Moana Sing-Along,PG
Europe From Above,"TV-PG
"
Eyewitness: D-Day,"TV-14
"
One Day at Disney,"TV-PG
"
Z-O-M-B-I-E-S 2,"TV-G
"
Apollo: Missions to the Moon,"TV-PG
"
Ultimate Survival WWII,"TV-14
"
Star Wars: Galaxy's Edge - Adventure Awaits,"TV-PG
"
Marvel Battleworld: Mystery of the Thanostones,"TV-Y7-FV
"
Surviving the Mount St. Helens Disaster,"TV-PG
"
Made in A Day,"TV-PG
"
Disney Channel Halloween House Party,"TV-G
"
From Our Family to Yours,"TV-G
"
Mars: One Day on the Red Planet,"TV-PG
"
Expedition Amelia,"TV-PG
"
Mickey Go Local,"TV-G
"
Marvel Rising: Playing with Fire,"TV-Y7
"
Notre Dame: Race Against the Inferno,"TV-PG
"
The Real Black Panther,"TV-14
"
Marvel Rising: Heart of Iron,"TV-Y7-FV
"
The Little Mermaid Live!,"TV-PG
"
Marvel Rising: Battle of the Bands,"TV-Y7
"
High School Musical: The Musical: The Holiday Special,"TV-PG
"
Marvel Rising: Chasing Ghosts,"TV-Y7-FV
"
Marvel Rising: Operation Shuri,"TV-Y7
"
Marvel's Ultimate Comics,"TV-Y7
"
Forky Asks A Question: What Is Money?,"TV-G
"
A Celebration of the Music from Coco,"TV-PG
"
Wild Nordic,"TV-PG
"
Once Upon a Main Street,"TV-PG
"
ZOMBIES: Addison's Moonstone Mystery,"TV-G
"
The Undefeated Presents: Hamilton In-Depth,"TV-PG
"
Shark vs. Whale,"TV-PG
"
Women of Impact: Changing the World,"TV-PG
"
Secrets of the Zoo: Down Under,"TV-14
"
Chasing the Equinox,"TV-PG
"
Wild Cats of India,"TV-PG
"
The Disney Holiday Singalong,"TV-G
"
Prairie Dog Manor,"TV-PG
"
Alaska Animal Rescue,"TV-PG
"
Epic Holiday Showdown,"TV-G
"
Sharks of the Bermuda Triangle,"TV-PG
"
The Giant Robber Crab,"TV-PG
"
High School Musical: The Musical: The Series: The Special,"TV-PG
"
Life Below Zero: Northern Territories,"TV-14
"
Shortsgiving with Big City Greens,"TV-Y7
"
Sharkcano,"TV-PG
"
World's Deadliest Snakes,"TV-14
"
Patagonia Wings,"TV-PG
"
Buried Secrets of Cordoba,"TV-PG
"
India's Wild Leopards,"TV-14
"
Secrets of the Bull Shark,"TV-14
"
Doc McStuffins: The Doc Is In,"TV-Y
"
Sharks vs. Dolphins: Blood Battle,"TV-14
"
Port Security: Hamburg,"TV-14
"
Disney My Music Story: Perfume,"TV-14
"
Okavango: River of Dreams,"TV-PG
"
Genoa Bridge Disaster,"TV-PG
"
Puppy for Hanukkah,"TV-G
"
Shark vs. Surfer,"TV-14
"
Sauver Notre-Dame,"TV-PG
"
Life and Death in Paradise: Crocs of the Caribbean,"TV-PG
"
Heroes of the Sky: The Mighty Eighth Air Force,"TV-14
"
Heroes of The Mediterranean,TV-MA
World's Biggest Great White Shark,"TV-PG
"
Roll it Back,"TV-Y7
"
Buried Secrets of Keros,"TV-PG
"
My Music Story: Yoshiki,"TV-PG
"
My Music Story: Sukimaswitch,"TV-PG
"
Muppet Babies: Play Date,"TV-Y
"
Avatar: The Deep Dive - A Special Edition of 20/20,"TV-14
"
Obi-Wan Kenobi: A Jedi's Return,"TV-14
"
If These Walls Could Sing,"TV-14
"
We Feed People,"TV-14
"
Star Wars Biomes,"TV-G
"
Encanto at the Hollywood Bowl,"TV-G
"
The Flagmakers,"TV-14
"
Running Wild with Bear Grylls: The Challenge,"TV-14
"
Welcome to the Club,"TV-PG
"
Sneakerella,"TV-G
"
Mickey Saves Christmas,PG
Hamster & Gretel,"TV-Y7
"
Torn,"TV-14
"
Miraculous World: Shanghai ‚Äì The Legend of Ladydragon,"TV-Y7-FV
"
Soul of a Nation Presents: X / o n e r a t e d ‚Äì The Murder of Malcolm X and 55 Years to Justice,"TV-PG
"
Explorer: The Last Tepui,"TV-14
"
Delicacies Destiny,"TV-PG
"
The Deepest Cave,"TV-PG
"
Weekend Family Christmas Special,"TV-PG
"
Step Into‚Ä¶ The Movies with Derek and Julianne Hough,"TV-PG
"
Twenty Something,PG
Disney Princess Remixed: An Ultimate Princess Celebration,"TV-G
"
The Biggest Little Farm: The Return,"TV-PG
"
Nona,G
Turning the Tables with Robin Roberts,"TV-PG
"
BTS: Permission to Dance on Stage - LA,"TV-PG
"
The Little Prince(ss),PG
Jane Goodall: The Hope,"TV-14
"
Growing Fangs,"TV-PG
"
A Spark Story,"TV-PG
"
Soul of a Nation Presents: Screen Queens Rising,"TV-PG
"
Dinner Is Served,"TV-PG
"
The Making of Loki,"TV-PG
"
"Man, Woman, Dog","TV-14
"
ZOMBI-Thon with Big City Greens,"TV-Y7
"
ASSEMBLED: The Making of What If...?,"TV-14
"
Shortsmas with Big City Greens,"TV-Y7
"
ASSEMBLED: The Making of Black Widow,"TV-14
"
Gorongosa: Paradise Reborn,"TV-PG
"
Last of the Giants,"TV-14
"
Saving Giraffes: The Long Journey Home,"TV-PG
"
The Simpsons x Bad Bunny: Te Deseo Lo Mejor,"TV-PG
"
Unknown Waters with Jeremy Wade,"TV-14
"
Kingdom of the Polar Bears,"TV-PG
"
King Tut In Colour,"TV-PG
"
The Hatcher Family Dairy,"TV-14
"
Gordon Ramsay: Uncharted Showdown,"TV-PG
"
The Way of the Cheetah,"TV-14
"
It Was Always Me: Behind the Story,"TV-PG
"
Brain Games: On The Road,"TV-14
"
Dancing With The Stars: The Pros' Most Memorable Moments,"TV-PG
"
"Extra Episode, or Not: Behind the Scenes of All the Same","TV-PG
"
Disney Gallery: Star Wars: The Book of Boba Fett,"TV-14
"
Meet Spidey and His Amazing Friends - shorts,"TV-Y7
"
Tangled Sing-Along,PG
Mila in the Multiverse,"TV-PG
"
Schoolhouse Rock! 50th Anniversary Singalong,"TV-G
"
Voices Rising: The Music of Wakanda Forever,"TV-PG
"
Disney100 | Special Look,"TV-PG
"